{"client":"Thunder Client","collectionName":"cars","dateExported":"2023-01-24T17:49:36.263Z","version":"1.1","folders":[],"requests":[{"_id":"06a1a434-7c80-4cbf-a0c9-4035dbd5f0a6","colId":"381ee616-f9c8-4d71-a171-915b8c6c910d","containerId":"","name":"GET cars","url":"localhost:5000/cars","method":"GET","sortNum":10000,"created":"2023-01-24T17:32:44.003Z","modified":"2023-01-24T17:33:31.424Z","headers":[{"name":"Authorization","value":"Bearer eyJhbGciOiJIUzI1NiIsInR5cCI6IkpXVCJ9.eyJzdWIiOiIxMjM0NTY3ODkwIiwibmFtZSI6IkpvaG4gRG9lIiwiaWF0IjoxNTE2MjM5MDIyfQ.PcmVIPbcZl9j7qFzXRAeSyhtuBnHQNMuLHsaG5l804A","isDisabled":true}],"params":[],"tests":[]},{"_id":"c53cf646-031b-465b-8846-98b5f1549e48","colId":"381ee616-f9c8-4d71-a171-915b8c6c910d","containerId":"","name":"GET cars/id","url":"localhost:5000/cars/9","method":"GET","sortNum":20000,"created":"2023-01-24T17:33:40.181Z","modified":"2023-01-24T17:49:15.532Z","headers":[{"name":"Authorization","value":"Bearer eyJhbGciOiJIUzI1NiIsInR5cCI6IkpXVCJ9.eyJzdWIiOiIxMjM0NTY3ODkwIiwibmFtZSI6IkpvaG4gRG9lIiwiaWF0IjoxNTE2MjM5MDIyfQ.PcmVIPbcZl9j7qFzXRAeSyhtuBnHQNMuLHsaG5l804A","isDisabled":true}],"params":[],"tests":[]},{"_id":"7b138d29-e877-4cf5-8dc6-93d20b86b231","colId":"381ee616-f9c8-4d71-a171-915b8c6c910d","containerId":"","name":"POST cars","url":"localhost:5000/cars","method":"POST","sortNum":30000,"created":"2023-01-24T17:34:04.660Z","modified":"2023-01-24T17:37:40.652Z","headers":[{"name":"Authorization","value":"Bearer eyJhbGciOiJIUzI1NiIsInR5cCI6IkpXVCJ9.eyJzdWIiOiIxMjM0NTY3ODkwIiwibmFtZSI6IkpvaG4gRG9lIiwiaWF0IjoxNTE2MjM5MDIyfQ.PcmVIPbcZl9j7qFzXRAeSyhtuBnHQNMuLHsaG5l804A","isDisabled":true}],"params":[],"body":{"type":"json","raw":"{\n  \"model\": \"SAVEIRO\",\n  \"licensePlate\": \"AKI8877\",\n  \"year\": 2010,\n  \"color\": \"CINZA\"\n}","form":[]},"tests":[]},{"_id":"65daf07d-1efa-4423-bd82-408efc4311b9","colId":"381ee616-f9c8-4d71-a171-915b8c6c910d","containerId":"","name":"DELETE cars/id","url":"localhost:5000/cars/9","method":"DELETE","sortNum":40000,"created":"2023-01-24T17:39:57.290Z","modified":"2023-01-24T17:49:07.230Z","headers":[{"name":"Authorization","value":"Bearer eyJhbGciOiJIUzI1NiIsInR5cCI6IkpXVCJ9.eyJzdWIiOiIxMjM0NTY3ODkwIiwibmFtZSI6IkpvaG4gRG9lIiwiaWF0IjoxNTE2MjM5MDIyfQ.PcmVIPbcZl9j7qFzXRAeSyhtuBnHQNMuLHsaG5l804A","isDisabled":true}],"params":[],"tests":[]}]}
